timestep,real,predicted
0,1.47675,1.3923694
0,0.611611,0.57019836
0,1.296933,1.2623239
0,1.828467,1.7717487
0,0.282,0.19106063
0,0.043744,-0.013286836
0,1.749511,1.7139524
0,0.488385,0.4680594
0,0.234656,0.19713259
0,0.027722,0.04475964
0,0.780725,0.81763154
0,0.371732,0.38691235
0,0.305278,0.23954901
0,1.159328,1.0733275
0,1.431754,1.3902882
0,0.223,0.007666722
0,0.768178,0.7759769
0,0.8739,0.7646234
0,0.843854,0.7827661
0,1.035961,0.95404696
0,0.684941,0.6541768
0,0.300006,0.3374429
0,2.070173,2.057552
0,0.960794,0.91267943
0,0.30707,0.2379626
0,0.073733,0.035750955
0,0.637522,0.5902385
0,1.361491,1.3902127
0,1.659776,1.672752
0,0.1149,0.07806662
0,1.134256,1.0886819
0,0.898317,0.91528106
0,0.66567,0.63592947
0,0.224133,0.19216776
0,0.084056,0.0767809
0,0.97525,0.9657787
0,0.773689,0.78753024
0,1.093167,1.0963014
0,0.3028,0.21009946
0,0.480467,0.39269143
0,0.098,0.016920041
0,0.720591,0.74660355
0,0.018779,0.04707606
0,0.648644,0.61230797
0,0.922157,0.87027305
0,0.544585,0.509222
0,0.6434,0.5962421
0,0.0117,0.038076203
0,0.825542,0.78251064
0,0.037,0.055137545
0,0.037767,0.030732729
0,1.387656,1.4288049
0,1.4569,1.5289366
0,0.0042,0.053610846
0,1.261074,1.230748
0,0.165056,0.12042032
0,0.839433,0.8197664
0,0.224774,0.2166855
0,1.331383,1.2960895
0,0.052583,0.09778617
0,0.878189,0.83930236
0,1.376425,1.3057082
0,0.667713,0.67238486
0,0.919137,0.9840495
0,0.178733,0.058542855
0,2.864845,2.721964
0,1.343694,1.3858488
0,0.855548,0.8346477
0,0.98035,0.9296493
0,1.163641,1.1686296
0,0.4887,0.42547616
0,0.206405,0.3772076
0,0.738236,0.65882736
0,0.4172,0.44200692
0,0.09,0.037400443
0,1.283989,1.2665992
0,1.475422,1.4674326
0,0.897704,1.0126754
0,0.068,0.011688858
0,1.202858,1.2191892
0,2.431511,2.3833325
0,1.132043,1.1441702
0,0.617265,0.53708774
0,0.365522,0.355811
0,0.911611,0.94434416
0,0.248604,0.2510898
0,0.33046,0.2913221
0,0.3398,0.35296088
0,1.086369,1.0489872
0,0.192272,0.12886626
0,0.717233,0.67997134
0,1.006267,0.8923362
0,0.347958,0.32855627
0,0.758007,0.6872294
0,1.038475,0.99851006
0,1.475422,1.4138933
0,0.896467,0.9142387
0,0.461344,0.44080964
0,0.477278,0.4800021
0,0.642883,0.5464603
0,1.14915,1.1115026
0,1.267045,1.2937313
0,0.2974,0.270189
0,0.9068,0.84194374
0,0.129,0.12845111
0,0.750321,0.76119375
0,1.664541,1.6724279
0,0.055,0.10735135
0,1.3586,1.3130677
0,0.8739,0.84269917
0,0.000267,0.073831424
0,0.026533,0.041737497
0,0.548044,0.54907244
0,0.032256,0.045444988
0,0.396911,0.3880732
0,0.8643,0.80004346
0,0.909206,0.9026704
0,1.554659,1.4736326
0,0.113533,0.019545991
0,0.620633,0.6269365
0,1.056333,1.0168664
0,1.28082,1.3177754
0,0.007133,0.044960506
0,1.47275,1.4407424
0,0.159056,0.16128097
0,0.949911,0.9943118
0,0.149367,0.09070109
0,0.14,0.1698865
0,0.844361,0.8232787
0,0.026955,0.058825575
0,0.615928,0.6072445
0,0.148417,0.10994433
0,0.42,0.39253148
0,0.342694,0.2931923
0,0.804711,0.7893838
0,0.722378,0.66147846
0,0.192183,0.14881149
0,0.829232,0.85149556
0,1.431754,1.4198662
0,0.000244,-0.016497202
0,0.072512,0.03980488
0,0.381667,0.3799149
0,1.31998,1.2450683
0,1.155333,1.1405195
0,0.468,0.4082939
0,0.989442,0.96802914
0,0.097478,0.09033837
0,0.643417,0.6117808
0,0.067211,0.061038956
0,0.322378,0.21588203
0,0.856422,0.76961
0,1.10318,1.0883685
0,0.764267,0.7886226
0,0.572511,0.5833765
0,0.455344,0.38098633
0,0.234256,0.17152192
0,0.3618,0.36487722
0,0.309639,0.29146487
0,1.798125,1.7321312
0,0.088533,0.005945854
0,0.018,-0.01609829
0,0.874777,0.8276255
0,0.62395,0.53815883
0,0.851,0.89959866
0,0.224839,0.23953825
0,0.048379,0.06541554
0,0.21,0.14888859
0,1.82702,1.8546697
0,0.9894,1.0152783
0,0.896083,0.865574
0,0.383579,0.33525035
0,0.271,0.24866837
0,1.783783,1.7357768
0,0.144733,0.15361014
0,0.256222,0.24393088
0,0.349622,0.3003197
0,0.048,0.018694866
0,0.58321,0.5017741
0,0.864978,0.8283993
0,0.011278,-0.0021267012
0,0.46485,0.45507133
0,0.300539,0.26298413
0,0.689339,0.7250326
0,0.000163,-0.073633544
0,1.006026,1.0112029
0,0.350011,0.31558675
0,1.35921,1.2497154
0,0.283925,0.27573812
0,0.971067,0.92658836
0,1.545704,1.5806589
0,1.322466,1.2511702
0,0.004,-0.0091730505
0,1.594838,1.5583186
0,0.881533,0.85952944
0,0.039383,0.060580917
0,1.548333,1.4858475
0,2.864845,2.9043293
0,0.032733,0.04186242
0,1.311517,1.3250424
0,0.155239,0.051235534
0,0.337378,0.25884745
0,1.267045,1.329659
0,1.690383,1.6305305
0,1.237841,1.2817575
0,0.658428,0.6538045
0,1.804778,1.8039697
0,0.571244,0.51145804
0,0.493617,0.48137084
0,0.620411,0.56569797
0,0.385389,0.33088017
0,1.668359,1.6771917
0,0.715372,0.6575182
0,1.643863,1.6022654
0,0.701022,0.63916135
0,0.027733,-0.026101194
0,0.443856,0.40290383
0,0.727901,0.70033336
0,0.818789,0.8118025
0,0.013,0.056887995
0,0.1126,0.08932851
0,1.44703,1.377921
0,0.679167,0.676092
0,0.538733,0.49578077
0,0.470002,0.48003006
0,0.992744,0.94533306
0,0.255589,0.2700429
0,0.979433,0.9427443
0,0.769556,0.7102918
0,0.0308,0.013476677
0,2.546071,2.594753
0,0.098617,0.06350926
0,0.171551,0.19401142
0,1.303359,1.3301238
0,0.0854,-0.0140155405
0,0.213056,0.18602437
0,0.152667,0.122892365
0,0.95672,0.9635606
0,0.087,0.04782591
0,1.790326,1.6736494
0,0.535244,0.49604562
0,0.108244,0.07094102
0,1.030733,1.0031599
0,1.142511,1.1648198
0,1.55983,1.5428914
0,0.713356,0.6824636
0,1.005639,0.8187169
0,0.019056,-0.0572735
0,0.546056,0.5764693
0,0.717715,0.772642
0,1.001397,0.91808176
0,0.409433,0.4141024
0,0.6868,0.60901034
0,0.816415,0.83911234
0,0.469,0.45084146
0,0.75815,0.71617395
0,0.825667,0.8413536
0,0.65865,0.61176
0,2.064944,2.0156724
0,0.546911,0.529726
0,1.108185,1.0788128
0,0.175112,0.20486355
0,0.043211,0.08857848
0,0.0354,-0.003008686
0,0.347844,0.3075581
0,1.44897,1.4356931
0,0.603767,0.6192785
0,2.080651,2.0932453
0,0.1222,0.11548907
0,0.295656,0.27441323
0,0.116,0.11919962
0,0.1411,0.13312766
0,0.18806,0.12345153
0,0.604922,0.5206798
0,0.867467,0.8387632
0,0.055,0.00814826
0,0.684941,0.6732321
0,0.715056,0.6802221
0,0.650217,0.66017663
0,0.547213,0.5167596
0,0.235455,0.30850998
0,0.198167,0.1296757
0,0.229589,0.2006714
0,1.477725,1.4343319
0,0.153,0.17888838
0,0.083,0.08168258
0,0.385789,0.38822705
0,0.988846,0.9673802
0,0.112,0.14303179
0,0.428778,0.36576274
0,0.303481,0.28903502
0,0.193,0.1171124
0,1.275404,1.1381607
0,0.057,0.007965956
0,0.466767,0.47185487
0,0.002,-0.028499797
0,0.23749,0.22676966
0,0.974007,0.9076078
0,1.520041,1.5171819
0,0.621692,0.62750435
0,1.069013,1.202964
0,1.488948,1.4358166
0,0.037,0.098841146
0,0.305056,0.26205033
0,0.727901,0.68682706
0,0.354539,0.34197393
0,0.254744,0.2792483
0,1.3581,1.279693
0,1.961926,1.8967267
0,1.4938,1.3914798
0,0.871067,0.87154585
0,0.768111,0.7434992
0,0.744451,0.74603766
0,0.281056,0.2830542
0,0.734582,0.722917
0,1.458491,1.491768
0,1.158867,1.1679872
0,0.573089,0.511882
0,0.689281,0.6635308
0,1.277993,1.183373
0,1.602806,1.6928595
0,0.247544,0.20455328
0,1.010743,0.9919631
0,0.002,-0.007873528
0,2.552993,2.5674644
0,0.904446,0.88450974
0,1.0358,1.0049098
0,1.258833,1.221499
0,0.813608,0.83200586
0,0.1274,0.05397214
0,0.877216,0.86958927
0,0.021322,-0.022080705
0,0.094,0.05875856
0,0.164656,0.11655003
0,2.552993,2.5188546
0,0.057,0.022537444
0,2.864845,2.903455
0,1.552549,1.5999495
0,0.720346,0.7179899
0,1.783783,1.7065327
0,0.431778,0.3673805
0,0.002,-0.0138713345
0,0.267789,0.27165675
0,1.75118,1.7727329
0,0.261244,0.32537848
0,0.007,-0.005497128
0,0.206094,0.1887052
0,0.258444,0.1840584
0,0.821017,0.74743
0,0.865478,0.8169384
0,0.286828,0.23979461
0,0.021733,0.028304655
0,0.699067,0.6855029
0,1.597075,1.5118817
0,0.074383,0.034865264
0,1.686783,1.7294264
0,2.552993,2.4970167
0,0.5438,0.5541196
0,1.449859,1.4982384
0,0.331483,0.26247874
0,0.097733,0.12037736
0,0.049939,0.06218481
0,0.914358,0.92654157
0,0.3634,0.3269899
0,1.279289,1.2169521
0,1.078571,1.0581121
0,1.801398,1.770128
0,0.420367,0.4251756
0,0.036511,0.020087268
0,0.6238,0.6237545
0,1.287775,1.2588584
0,0.954787,0.9423815
0,0.517961,0.5015641
0,0.982711,0.9561185
0,0.419499,0.44019
0,0.866476,0.80713457
0,0.095211,0.08315347
0,0.007,0.042267174
0,1.4501,1.4283403
0,0.180633,0.1489988
0,0.712522,0.6626577
0,0.199789,0.16741481
0,0.368993,0.34726375
0,0.153933,0.1814281
0,1.6854,1.700749
0,1.306667,1.2471915
0,0.641558,0.6148308
0,0.742779,0.72504324
0,0.485267,0.154876
0,1.595056,1.4688654
0,1.427011,1.3709338
0,0.163633,0.20083219
0,1.084433,0.9857871
0,0.751863,0.7554678
0,0.083611,0.007811673
0,0.000267,-0.07749169
0,0.282989,0.2969851
0,1.211208,1.2200413
0,0.77335,0.84961784
0,0.002,0.05510983
0,0.025589,0.16361976
0,0.081,0.11917183
0,0.142,0.08253274
0,0.978157,0.9676971
0,0.357,0.37580052
0,1.828467,1.8540926
0,0.1822,0.1711802
0,0.898883,0.8266158
0,0.795417,0.7632745
0,0.004,-0.029336996
0,1.144639,1.1000206
0,1.288877,1.1452907
0,0.720833,0.60813445
0,1.441185,1.3348988
0,0.046,0.057778686
0,1.303359,1.246466
0,0.028,0.057111535
0,0.401767,0.3868326
0,0.593067,0.55419034
0,0.257033,0.2050651
0,0.398313,0.36032996
0,0.018678,0.047875363
0,0.031,0.043915004
0,0.798002,0.69744486
0,0.399117,0.4069523
0,1.233861,1.2204916
0,0.886869,0.8173805
0,1.396911,1.35761
0,0.658625,0.7105999
0,1.009469,0.78343415
0,0.076839,0.10612553
0,0.181917,0.1502999
0,0.513644,0.5188585
0,0.444944,0.45706123
0,0.375056,0.36885688
0,0.743906,0.73571247
0,0.009,-0.019333266
0,1.459728,1.5192537
0,0.176978,0.14972097
0,0.66925,0.7326925
0,0.044,0.033561546
0,0.81235,0.81234556
0,0.595178,0.5806839
0,0.1937,0.2076891
0,0.254125,0.2777668
0,1.249748,1.2059748
0,1.75118,1.8182528
0,0.696547,0.6249853
0,0.255311,0.31703642
0,0.852485,0.82920796
0,0.25649,0.25436917
0,0.790006,0.7146187
0,0.6348,0.70224017
0,0.435978,0.4455572
0,0.647463,0.6409081
0,1.198581,1.1674405
0,0.079744,0.03132492
0,0.971824,0.80486286
0,2.7436,2.5270379
0,0.02,0.02585477
0,0.140667,0.14296037
0,0.534233,0.45675826
0,0.713656,0.71599734
0,0.063,0.050373085
0,0.614967,0.65449476
0,0.3972,0.38080058
0,0.228807,0.3029337
0,1.329708,1.2502418
0,1.303359,1.3294301
0,0.109733,0.09636326
0,0.937931,0.91098505
0,0.244778,0.24499413
0,1.119305,1.0669589
0,2.864845,2.8169422
0,0.055589,0.046014592
0,0.558389,0.4718617
0,0.835106,0.7929749
0,0.489456,0.50186366
0,0.324144,0.2640485
0,1.4158,1.4601874
0,0.189322,0.06288942
0,1.218183,1.1494763
0,1.558317,1.4268873
0,0.811683,0.82123023
0,0.89069,0.8252459
0,2.7436,2.7526038
0,0.513444,0.4259987
0,0.661189,0.6617133
0,0.186656,0.16294467
0,0.261367,0.19428214
0,0.588578,0.5307683
0,0.067467,0.021167155
0,0.652,0.627593
0,1.003567,1.0708069
0,0.195,0.15396354
0,0.370911,0.3408062
0,0.765883,0.6939735
0,0.898333,0.8384016
0,0.101572,0.114511006
0,0.7188,0.6682575
0,1.269922,1.2401605
0,0.920662,0.8303485
0,0.327778,0.42128107
0,0.928956,0.90834737
0,1.746457,1.7051662
0,0.107,0.03509747
0,1.356258,1.4353524
0,0.51882,0.5051471
0,0.197356,0.17809266
0,0.01369,0.06660561
0,1.346126,1.2885023
0,0.083,0.043281987
0,0.122483,0.11889686
0,0.789633,0.77477306
0,0.272258,0.22345483
0,0.043589,-0.044950753
0,1.073,1.1016258
0,0.153411,0.14677481
0,0.104311,0.02723628
0,1.668359,1.6138824
0,0.229578,0.23823306
0,0.632806,0.57648
0,0.719272,0.72865355
0,0.554139,0.5393204
0,0.586052,0.57360744
0,0.739818,0.739848
0,1.570978,1.5481035
0,0.475944,0.4197504
0,0.682133,0.6703631
0,1.783783,1.7176567
0,0.610249,0.5713837
0,0.94605,0.92227966
0,1.789917,1.7844647
0,1.475778,1.398531
0,0.705604,0.6432742
0,0.115111,0.056772094
0,0.247767,0.24391416
0,1.012667,0.984754
0,1.880444,1.9291492
0,1.488348,1.5111024
0,0.600594,0.61192477
0,0.688233,0.63408375
0,1.4938,1.4343494
0,1.611765,1.499225
0,0.926611,0.8856401
0,0.489289,0.4680931
0,0.018,0.0017614365
0,0.500622,0.4484535
0,0.594289,0.563604
0,0.699215,0.6674826
0,0.114,0.049013577
0,0.2519,0.23187682
0,0.002,-0.056475848
0,0.182942,0.1900015
0,0.18909,0.15654698
0,1.47885,1.3864076
0,0.988442,0.93951714
0,1.337067,1.3117931
0,0.545056,0.54281104
0,0.374778,0.32363433
0,0.596446,0.5784407
0,0.059,0.04609164
0,0.3086,0.297947
0,0.333,0.3379012
0,1.554724,1.469476
0,2.171183,2.1585302
0,0.635756,0.64227545
0,0.254744,0.23139289
0,0.8739,0.8904382
0,0.672683,0.5747911
0,0.70303,0.66111976
0,0.754694,0.7365617
0,0.688939,0.7064778
0,0.081,0.105009675
0,0.132733,0.07284899
0,0.665833,0.6334644
0,1.139933,1.0332778
0,0.69055,0.6686219
0,0.247789,0.18943316
0,1.838909,1.8354226
0,0.401078,0.33975866
0,0.141189,0.019367274
0,0.443344,0.4464713
0,0.237722,0.24213359
0,0.109,0.060986675
0,0.035,0.06851075
0,0.236789,0.18038665
0,1.640178,1.6838104
0,0.382733,0.3289286
0,0.834472,0.78526413
0,0.347833,0.34826678
0,0.397933,0.38108724
0,0.1709,0.080241874
0,1.3419,1.2816436
0,0.030432,0.005628459
0,0.924083,0.8878262
0,0.670807,0.62053686
0,0.330361,0.28489262
0,0.255733,0.17629099
0,0.733581,0.64388704
0,0.873459,0.84690326
0,0.883554,0.8763696
0,0.416961,0.45049447
0,0.41585,0.4689721
0,1.106911,1.0195018
0,0.076267,0.05064927
0,0.542961,0.5492603
0,1.241489,1.2448803
0,0.026411,0.11676358
0,0.023766,0.0008691773
0,0.112133,0.0394601
0,0.004,-0.023945376
0,0.897933,0.8833267
0,0.930714,0.87067086
0,1.205237,1.305624
0,1.495317,1.4100344
0,0.141733,0.11134425
0,1.394,1.3480638
0,0.0748,0.06851075
0,1.669683,1.6556672
0,0.0416,0.059820335
0,0.022,-0.01844167
0,0.493031,0.40845925
0,0.887098,0.83827716
0,0.096,0.059792835
0,0.031622,0.046637014
0,1.303359,1.3295095
0,0.061,0.059515245
0,0.025733,0.02966059
0,0.404456,0.4073731
0,1.101563,1.1954875
0,1.214283,1.1411921
0,0.007,0.055264547
0,0.159611,0.15214805
0,0.783478,0.7689903
0,0.49871,0.4743402
0,0.291411,0.29343835
0,0.748922,0.71306765
0,0.695385,0.71076137
0,1.422617,1.4382583
0,0.578099,0.49798426
0,1.189137,1.245886
0,1.007674,0.86585313
0,0.859663,0.8618814
0,0.0591,-0.04183866
0,0.465978,0.45120862
0,0.995846,0.899999
0,0.990233,1.0346982
0,0.062528,0.12161836
0,0.363044,0.30424005
0,0.449894,0.42163265
0,1.966761,1.9620537
0,0.635107,0.6361297
0,0.665861,0.65961707
0,0.114,0.15915415
0,1.030778,0.9992156
0,0.528311,0.5517143
0,0.069511,0.11709516
0,0.126783,0.15572031
0,0.600967,0.5182546
0,0.763994,0.8139918
0,1.812921,1.8048403
0,0.166,0.12157126
0,0.617444,0.6287834
0,0.867956,0.8955473
0,0.12,0.16866577
0,0.011792,-0.0011824965
0,1.455845,1.4280835
0,0.603294,0.56944627
0,0.773026,0.6667131
0,0.077,0.044993646
0,1.494867,1.435321
0,0.025511,0.033464693
0,0.783244,0.7813707
0,0.640597,0.5919388
0,0.696756,0.63719094
0,0.207322,0.19839644
0,0.6557,0.59886384
0,1.801761,1.6792047
0,0.3558,0.3102617
0,1.013275,1.0534254
0,0.48415,0.49972683
0,1.67615,1.5682763
0,0.365725,0.30617383
0,0.690356,0.66775876
0,1.406245,1.2734996
0,1.018208,0.98277503
0,1.552144,1.4914228
0,1.106967,1.0733271
0,0.217637,0.21557179
0,0.128733,0.084752366
0,0.000133,0.05440978
0,0.045867,-0.016762957
0,1.442254,1.4463011
0,1.318467,1.2536379
0,0.272144,0.23565248
0,0.119722,0.016049292
0,0.197,0.15904589
0,0.250383,0.21564937
0,0.192272,0.12886626
0,0.5732,0.6063098
0,0.329822,0.27764538
0,0.369751,0.3584603
0,0.81085,0.7959392
0,1.392461,1.3575397
0,1.420545,1.3285197
0,0.267922,0.24290293
0,1.286683,1.2077857
0,0.000133,0.06851075
0,0.237733,0.2379551
0,1.451249,1.4557277
0,0.706551,0.7614378
0,0.434222,0.3954734
0,0.310572,0.2814602
0,0.808517,0.77812874
0,2.431511,2.4343033
0,0.883554,0.82017636
0,0.695917,0.715083
0,1.001397,0.92918813
0,0.519839,0.5467515
0,0.712068,0.6441839
0,2.431511,2.3911033
0,0.369875,0.2797376
0,0.904267,0.869821
0,0.9534,0.9765872
0,1.088311,1.0997039
0,0.164089,0.13086721
0,0.527367,0.4952788
0,0.589067,0.58442426
0,0.033,0.03815051
0,0.05,0.1010834
0,1.437089,1.4016712
0,0.383111,0.36246616
0,1.027941,1.044446
0,0.346522,0.33162585
0,0.182948,0.19140354
0,0.629535,0.61904055
0,0.372067,0.4046393
0,0.867956,0.8415594
0,0.768304,0.76581156
0,0.042733,0.07089303
0,0.941533,0.85775393
0,0.316333,0.32675475
0,1.219644,1.2321627
0,0.35507,0.35048962
0,1.0824,1.0379473
0,1.605533,1.6508807
0,0.5022,0.5596642
0,0.580867,0.5897334
0,1.317267,1.2079905
0,0.0658,0.041013792
0,1.465281,1.5000477
0,1.329511,1.3062798
0,1.289983,1.3280709
0,1.431754,1.4623116
0,1.645292,1.5455348
0,0.227894,0.2732882
0,0.356889,0.33397853
0,2.864845,2.7719758
0,0.67175,0.68435806
0,0.843185,0.8741864
0,1.071168,0.99204195
0,1.144667,1.1897008
0,0.0016,0.031366214
0,1.259743,1.2335451
0,0.665459,0.5875051
0,0.048922,0.00092960894
0,1.486361,1.4655011
0,0.736878,0.68887424
0,0.498228,0.48428878
0,1.462748,1.4146925
0,0.188789,0.1372818
0,0.554083,0.5234856
0,1.601391,1.6213095
0,1.246174,1.0895252
0,0.796956,0.7028835
0,0.53115,0.44536778
0,0.052,0.04098351
0,1.336641,1.3292459
0,1.498608,1.4422163
0,1.676889,1.7524496
0,0.887989,0.84040314
0,0.643,0.611233
0,1.134256,1.0886819
0,0.031622,0.046637014
0,1.151313,1.1239451
0,0.109,0.13621382
0,0.3029,0.31122956
0,1.551153,1.5686352
0,0.01655,-0.006114222
0,0.891786,0.9190693
0,1.033283,0.9816269
0,0.716633,0.75655806
0,1.548822,1.5235983
0,0.144,0.14348416
0,0.288056,0.29859856
0,0.267689,0.26955247
0,0.795758,0.891061
0,1.762481,1.3786234
0,0.768304,0.76581156
0,1.330222,1.2749736
0,0.230123,0.14785656
0,0.945954,0.9315091
0,1.05455,0.9496463
0,0.349422,0.3636083
0,1.039267,1.01842
0,1.118607,1.1526365
0,0.490433,0.5330764
0,1.178933,1.2104809
0,1.112617,1.0618955
0,0.063,0.012374647
0,0.174078,0.12448308
0,0.686633,0.701538
0,0.803756,0.83636653
0,0.242978,0.20225686
0,0.129,0.11431484
0,0.025867,0.06436589
0,0.996459,0.9123325
0,0.803774,0.7968927
0,0.190383,0.15136135
0,0.101,0.106914476
0,1.515422,1.4104809
0,0.774862,0.66601497
0,1.288907,1.243469
0,1.064781,1.0770198
0,0.851333,0.87573683
0,0.136656,0.08165935
0,0.403581,0.35578555
0,0.166544,0.17681065
0,1.162658,1.0969667
0,2.431511,2.4744704
0,0.025589,0.16361976
0,0.176589,0.13623077
0,0.997349,0.8913025
0,0.494867,0.49223262
0,0.890514,0.8451104
0,1.129683,1.1872612
0,0.394633,0.33861688
0,0.129,0.1604746
0,0.846556,0.8355001
0,1.525998,1.5019715
0,1.073883,1.0720913
0,0.604617,0.52767694
0,0.856072,0.80401736
0,0.002,-0.018296212
0,1.350553,1.2726724
0,1.015393,0.8948823
0,0.198589,0.20923749
0,0.600517,0.57561576
0,0.007567,0.0014384761
0,0.052,-0.00413619
0,0.810017,0.7519792
0,0.432956,0.42616618
0,0.898321,0.93471605
0,0.004,0.0031742305
0,0.679111,0.6874111
0,2.304176,2.2696524
0,2.019644,2.0869524
0,0.59339,0.5578055
0,0.99265,0.9042623
0,0.736967,0.77581775
0,1.010733,1.0294442
0,1.366956,1.3145598
0,1.117983,1.1671531
0,0.004,-0.037698336
0,0.274175,0.27726385
0,0.208229,0.19824761
0,0.231589,0.22639191
0,0.599943,0.57904434
0,0.032733,-0.0013831183
0,1.180063,1.0977132
0,0.27475,0.29100013
0,0.236567,0.12776992
0,1.642461,1.6195574
0,2.3111,2.2348971
0,0.620006,0.60384816
0,2.552993,2.5662491
0,1.208106,1.1971664
0,1.552144,1.4567126
0,0.000133,-0.027243167
0,0.486389,0.516483
0,0.85023,0.8437547
0,0.755956,0.7284001
0,0.820983,0.80305153
0,0.358111,0.32846975
0,0.672354,0.6191964
0,0.637376,0.56997705
0,0.435644,0.40765607
0,0.138922,0.10109027
0,0.296189,0.27626908
0,0.968586,0.9061515
0,1.021736,1.0042628
0,0.2856,0.26607373
0,0.164244,0.11494011
0,0.820726,0.79045385
0,0.867467,0.86702937
0,0.540205,0.45499808
0,0.457603,0.4606437
0,0.149844,0.11197014
0,0.108916,0.1201047
0,1.303359,1.3178642
0,0.551633,0.49488783
0,0.691667,0.6049163
0,0.704437,0.687247
0,1.130689,1.1494733
0,0.345517,0.32519853
0,1.88145,1.8112108
0,0.741629,0.7318113
0,0.011267,0.11530401
0,0.242533,0.3085345
0,0.137467,0.14240235
0,0.109383,0.10247125
0,0.258856,0.16627538
0,1.633162,1.5926869
0,0.276789,0.23994038
0,0.487689,0.5177585
0,0.12085,0.10138419
0,0.534767,0.51748055
0,0.860378,0.8068732
0,0.764928,0.84609884
0,0.144006,0.08176644
0,0.319,0.30284318
0,0.868906,0.8705668
0,0.402306,0.39140794
0,0.616696,0.5547439
0,0.182093,0.1583545
0,0.842894,0.8286279
0,0.735371,0.7541825
0,0.299783,0.26748714
0,0.164367,0.0444369
0,1.223282,1.0771259
0,0.068,0.039343677
0,0.705665,0.75599843
0,0.678289,0.68296736
0,0.048389,0.04663802
0,1.09463,0.9970734
0,0.109106,0.13346516
0,0.538944,0.51608706
0,0.114,0.04646694
0,0.8834,0.80900383
0,0.704333,0.69455993
0,0.359378,0.3541197
0,1.579408,1.5235052
0,0.466367,0.39732316
0,0.078456,0.102359824
0,0.390867,0.30469066
0,1.64745,1.6673199
0,0.600967,0.60430866
0,0.643122,0.5798515
0,1.335014,1.3765581
0,0.627889,0.5868635
0,1.371225,1.2925159
0,0.097555,0.089227006
0,0.059,0.06851075
0,0.269,0.29098535
0,0.411044,0.3595825
0,0.86765,0.84300184
0,0.283156,0.2460303
0,0.097772,0.032594986
0,2.415383,2.3467672
0,0.200456,0.1678555
0,2.816245,2.6383996
0,0.581844,0.51537377
0,0.580033,0.57668227
0,1.820358,1.8368034
0,0.153224,-0.004230581
0,0.880667,0.87587035
0,1.339339,1.3240474
0,0.611428,0.5252546
0,0.646739,0.60900015
0,0.344983,0.2841175
0,1.526845,1.4852383
0,0.898189,0.9123512
0,0.568594,0.56877476
0,0.867956,0.8869179
0,0.057,0.04891137
0,0.949911,0.9162819
0,0.835439,0.83915514
0,1.121186,1.0796497
0,0.630951,0.627108
0,1.878628,1.8690094
0,0.6841,0.717002
0,0.183301,0.14947738
0,1.170129,1.1533558
0,1.152267,1.0955456
0,0.718076,0.6509772
0,1.401233,1.2838473
0,0.490767,0.45155615
0,0.286428,0.22128358
0,0.024,0.056211613
0,0.796372,0.67966986
0,0.0931,0.07458357
0,1.733067,1.5966592
0,0.543585,0.5391874
0,0.294589,0.28608388
0,0.939583,0.89993453
0,0.430811,0.3643554
0,0.349733,0.3305917
0,1.560807,1.5918438
0,0.083411,0.07551026
0,1.838909,1.9500048
0,1.174656,1.1301697
0,0.112133,0.0394601
0,0.659272,0.63418496
0,0.021022,0.007138241
0,0.067333,0.042979125
0,0.015967,0.051953338
0,1.267045,1.2700645
0,0.042789,0.06851075
0,0.352511,0.34560525
0,0.647425,0.61126494
0,1.984133,2.0137446
0,1.138,1.138933
0,0.571389,0.5085939
0,0.224178,0.20162466
0,0.622628,0.6188334
0,0.273933,0.25297484
0,0.528389,0.45818332
0,0.898983,0.8349005
0,0.285967,0.29990798
0,1.369913,1.3715781
0,1.429075,1.4750935
0,1.14085,1.171865
0,1.608644,1.502629
0,0.949274,0.95082545
0,0.2096,0.19916716
0,0.103,0.03388383
0,0.334978,0.35944387
0,1.033206,0.99280554
0,1.3986,1.3641446
0,0.607179,0.50245744
0,0.677222,0.64087415
0,0.014989,-0.055809043
0,0.228256,0.18194759
0,1.001397,1.0417656
0,0.007,0.04452713
0,0.477244,0.39259967
0,0.267111,0.32496074
0,0.248056,0.19703776
0,0.7198,0.7018781
0,1.092582,1.00371
0,1.299283,1.3214152
0,0.075783,0.058638375
0,0.16527,0.12608126
0,0.634844,0.67086035
0,0.742722,0.7214627
0,0.745722,0.6895446
0,1.108185,1.0788128
0,1.238533,1.157345
0,1.159517,1.1367698
0,0.755343,0.7046783
0,1.189283,1.1412057
0,0.114,0.041021287
0,0.129922,0.14973353
0,0.334444,0.2738773
0,0.307983,0.27056465
0,0.292967,0.23383245
0,0.402095,0.42560264
0,0.652687,0.64171296
0,0.850089,0.7614076
0,0.303667,0.30661505
0,2.082444,2.1076636
0,1.142352,1.1511413
0,0.4262,0.4649363
0,0.116522,0.065722
0,0.650944,0.604028
0,0.368372,0.32778597
0,0.022608,0.029043619
0,0.510922,0.48460695
0,1.130118,1.1582826
0,1.015862,0.9452181
0,0.759311,0.7494005
0,0.6096,0.6101302
0,0.715272,0.6486037
0,0.055256,0.052399375
0,1.018208,0.97262746
0,0.160389,0.050802812
0,1.464356,1.3956962
0,0.397399,0.35677588
0,0.531178,0.47918737
0,0.827131,0.7676696
0,0.494972,0.42510426
0,0.617444,0.63688505
0,1.543476,1.5612266
0,0.839247,0.81254435
0,1.62308,1.6449056
0,0.824194,0.82808673
0,0.083,0.06563947
0,0.1868,0.10981956
0,0.550706,0.57043386
0,0.497929,0.46386665
0,0.894385,0.941587
0,0.862483,0.81255245
0,2.816245,2.7742114
0,0.65528,0.68204546
0,1.063062,0.9703115
0,0.703904,0.72394925
0,0.76715,0.7209811
0,0.022,0.07884901
0,0.330894,0.32816705
0,0.209189,0.20428813
0,0.258,0.26533604
0,1.360561,1.2644305
0,0.162,0.1286676
0,0.388322,0.3605777
0,0.773111,0.78292286
0,1.092889,1.0522547
0,0.628256,0.679831
0,0.418245,0.42942786
0,1.27475,1.2385461
0,0.867467,0.86777127
0,1.459878,1.4452894
0,0.313644,0.29868653
0,0.265966,0.1633195
0,0.004,0.060544163
0,2.24123,2.2612598
0,1.046947,0.9910211
0,1.627176,1.62944
0,1.160427,1.1739618
0,1.211578,1.1874816
0,1.624608,1.6522012
0,1.056133,1.0206395
0,0.202322,0.20874944
0,0.1217,0.08893134
0,0.0796,0.09354649
0,0.747879,0.77272475
0,0.425383,0.4187134
0,1.971985,1.9606097
0,0.820281,0.81095374
0,1.900113,1.8710573
0,1.838909,1.8279182
0,0.387037,0.35478148
0,0.077,0.060265873
0,0.883554,0.8594022
0,0.502189,0.47749835
0,0.117322,0.07903564
0,2.304176,2.3235273
0,2.552993,2.5049655
0,0.587607,0.5423341
0,1.180833,1.1779175
0,0.867956,0.82458735
0,0.037,0.048101928
0,0.759289,0.7790974
0,1.237142,1.2084298
0,0.596226,0.5195868
0,0.557822,0.5609557
0,0.112,0.10954845
0,0.30707,0.2379626
0,0.328378,0.30747274
0,1.1561,1.1365602
0,0.698867,0.7083381
0,0.034344,0.07257657
0,0.523726,0.567847
0,0.144821,0.09908958
0,1.250489,1.2542821
0,0.2923,0.2588217
0,1.177946,1.0541835
0,0.366589,0.33570218
0,0.477167,0.42694017
0,0.755778,0.6852858
0,1.16205,1.1550806
0,0.018,0.011282586
0,1.7148,1.722305
0,0.241922,0.20824626
0,0.450306,0.4391461
0,0.057644,0.012893219
0,0.4769,0.55344194
0,0.031133,0.041580025
0,0.692761,0.6564955
0,0.137733,0.20355958
0,0.172744,0.18336497
0,0.966967,0.8796355
0,1.042903,1.0006608
0,0.063,0.050145812
0,1.582672,1.5812799
0,0.789174,0.84062713
0,0.296428,0.25238284
0,0.727901,0.7473726
0,0.607117,0.620878
0,1.5197,1.4351135
0,0.063867,0.066453345
0,2.431511,2.4059446
0,1.4866,1.4434553
0,1.122162,1.0875263
0,0.207456,0.19580767
0,1.612723,1.5399352
0,1.851094,1.7233573
0,0.97559,0.9110042
0,1.630572,1.4367758
0,0.976917,0.95723623
0,0.289811,0.2514818
0,0.063,0.071828455
0,1.665751,1.56672
0,0.752917,0.77166677
0,0.470811,0.4451448
0,1.96985,1.8385568
0,0.893081,0.8145778
0,0.263511,0.2353946
0,0.019011,0.026000746
0,0.749793,0.7325439
0,1.3274,1.2944906
0,1.382067,1.3629786
0,2.7436,2.7225528
0,1.46575,1.4617707
0,2.431511,2.4479759
0,0.293544,0.23918682
0,0.117633,0.04112827
0,1.092628,1.067035
0,1.167406,1.2264905
0,1.346195,1.3576275
0,0.131133,0.13723324
0,0.72451,0.75979793
0,0.06545,0.020134281
0,0.060122,0.027841449
0,0.428367,0.3859344
0,0.677833,0.60706586
0,0.1288,0.12373406
0,0.956052,0.9078648
0,0.382578,0.35503495
0,0.486533,0.441511
0,1.199145,1.173611
0,0.376789,0.3542716
0,0.742075,0.71225476
0,0.131356,0.119968474
0,0.7121,0.67865825
0,0.56943,0.53742486
0,0.93923,0.8030761
0,0.061,0.03890105
0,0.039,0.05492017
0,1.75118,1.7116654
0,0.847267,0.8719557
0,1.38423,1.4500991
0,1.759822,1.737214
0,0.089367,0.030250464
0,0.727348,0.6667544
0,0.373456,0.45513958
0,0.127,0.10813165
0,0.450695,0.4750786
0,0.760941,0.77250266
0,0.334278,0.3108954
0,0.954753,0.955924
0,0.591092,0.48357967
0,1.554039,1.4539351
0,0.446204,0.4000628
0,0.634039,0.58971554
0,0.3,0.27414376
0,0.666272,0.6275615
0,0.1863,0.19698054
0,0.248839,0.2520538
0,0.760978,0.77445614
0,0.813744,0.77596706
0,0.718133,0.5685983
0,0.723567,0.73779505
0,0.160444,0.19581282
0,1.029072,1.1063457
0,1.027667,0.8581092
0,0.000112,0.062643066
0,1.639943,1.5935315
0,0.885978,0.9170794
0,0.351856,0.33069324
0,0.074737,0.025542568
0,1.523661,1.5563536
0,0.332761,0.35918877
0,1.708083,1.6650409
0,0.587336,0.5647436
0,2.076467,2.0811727
0,0.733667,0.7742751
0,0.339967,0.31626785
0,0.220701,0.18615007
0,0.351211,0.36774215
0,0.7121,0.67865825
0,1.17265,1.1489314
0,0.826039,0.8404644
0,0.463783,0.4150289
0,0.077379,0.046514966
0,0.01655,-0.006114222
0,1.264775,1.204768
0,0.603133,0.6528761
0,0.165856,0.16733108
0,0.02,-0.026465297
0,1.021928,1.0160921
0,0.300267,0.26503748
0,0.578333,0.6162551
0,0.315689,0.28462115
0,0.334844,0.35302913
0,0.99603,0.97628343
0,0.145732,0.13526168
0,0.176522,0.06851075
0,0.000112,-0.075731345
0,1.77649,1.7082988
0,1.505446,1.3993864
0,0.460983,0.44641426
0,1.436678,1.3292238
0,0.07,0.11176295
0,0.042944,-0.025036238
0,0.025811,0.13792308
0,0.845782,0.82544
0,0.0268,0.0020759404
0,0.044,0.064657055
0,0.5233,0.4682381
0,1.458111,1.3934138
0,1.268133,1.3110791
0,0.36705,0.43344918
0,0.000267,-0.07572871
0,0.092112,0.06558375
0,0.117867,0.13497478
0,0.71248,0.67697924
0,0.468576,0.38397947
0,0.859726,0.79291344
0,1.005689,1.0270432
0,0.002267,-0.058648996
0,0.3806,0.35583338
0,0.155639,0.1684156
0,0.052,0.009358101
0,0.74983,0.64669544
0,1.718971,1.6315296
0,1.422617,1.4280727
0,0.122,0.11808167
0,0.294111,0.26042643
0,0.207189,0.12064776
0,1.73681,1.7530187
0,0.907822,0.8704096
0,1.711267,1.7076072
0,0.663956,0.5707192
0,1.619126,1.6151047
0,1.018756,1.0665668
0,2.297669,2.191065
0,0.594667,0.5517212
0,0.0308,-0.00021223724
0,0.118,0.123281874
0,1.335194,1.3092649
0,0.6175,0.5494666
0,0.599461,0.6300969
0,0.824683,0.85589117
0,1.113806,1.0932772
0,1.013017,0.96588975
0,0.114,0.06529127
0,0.501019,0.48826188
0,0.131,0.12994254
0,0.610544,0.58226925
0,1.730267,1.6875858
0,1.265822,1.1912495
0,0.026256,0.054449297
0,0.332284,0.34435618
0,0.622974,0.65513676
0,0.337978,0.3635254
0,0.980017,0.9842426
0,0.101,0.040570296
0,0.368856,0.35367492
0,0.331418,0.32505316
0,1.338605,1.2980089
0,0.015,0.054217607
0,0.66827,0.5814412
0,0.989333,1.022937
0,1.029072,0.96785057
0,0.52795,0.45021537
0,0.693806,0.6781778
0,0.968667,0.9441169
0,1.47065,1.3485253
0,0.368111,0.3497415
0,0.519983,0.43638313
0,2.304176,2.3226159
0,0.16,0.039333936
0,1.342367,1.3778492
0,0.614856,0.58166665
0,0.865478,0.8169384
0,0.273317,0.29138076
0,1.668359,1.5857896
0,0.81715,0.80473316
0,0.256,0.21722716
0,0.814933,0.83174026
0,1.712241,1.5731267
0,0.007,0.060303807
0,0.022,-0.023095079
0,0.592988,0.6026751
0,0.2701,0.30633733
0,2.141037,2.1054273
0,0.032733,0.054863207
0,0.266056,0.2878047
0,0.539733,0.5119059
0,0.341667,0.36640868
0,0.004,0.012481768
0,1.240233,1.1973046
0,1.416133,1.3112847
0,0.114,0.13793126
0,1.296733,1.2665074
0,0.271183,0.22792172
0,0.042,-0.025070533
0,1.316989,1.2415017
0,0.210511,0.16335186
0,0.240011,0.21088555
0,1.434583,1.3893197
0,0.094,0.044142555
0,0.583006,0.53374994
0,1.5746,1.5319357
0,0.042,0.0070274994
0,0.6238,0.7165518
0,1.227048,1.0626816
0,0.717789,0.65853655
0,0.454141,0.44256234
0,0.173989,0.1473809
0,0.773883,0.77014387
0,0.147,0.094323784
0,0.785033,0.7713825
0,0.864311,0.7789455
0,0.256,0.21722716
0,0.973014,1.0107498
0,1.618622,1.6118406
0,0.12265,0.057787284
0,1.142144,1.1251167
0,1.299806,1.2717468
0,0.580875,0.5584539
0,0.216585,0.18001705
0,1.264761,1.262307
0,0.58085,0.5304805
0,0.005567,0.015206154
0,0.098,0.07376774
0,0.908833,0.88864166
0,0.185189,0.18775359
0,0.295689,0.36901954
0,0.425284,0.43911606
0,1.633162,1.5926869
0,0.278824,0.22199118
0,0.4694,0.42519018
0,0.861923,0.8684551
0,0.143589,0.13648093
0,0.004,0.05821517
0,0.611783,0.66631603
0,0.400967,0.34999368
0,1.0449,0.9953648
0,0.107,0.09964602
0,1.409067,1.3294861
0,0.961335,0.8927962
0,0.096,0.05549482
0,0.018955,0.020678971
0,0.366589,0.33570218
0,1.111578,1.1082723
0,0.463571,0.4458294
0,0.8739,0.83461016
0,1.848696,1.8525085
0,1.634417,1.6184728
0,0.865489,0.7943851
0,0.196152,0.16117322
0,0.063,0.08759196
0,0.134017,0.13852268
0,0.810133,0.84304625
0,0.795878,0.7576918
0,0.908861,0.90370744
0,1.352538,1.2985444
0,0.259456,0.2418367
0,0.045589,0.04604789
0,0.038867,0.014946815
0,0.127389,0.008583657
0,0.111617,0.084929675
0,1.882204,1.9204183
0,1.174508,1.1512024
0,0.741389,0.70882505
0,0.446522,0.4867441
0,0.864,0.84061444
0,0.05,0.042181473
0,0.92935,0.8896691
0,1.270244,1.2398922
0,0.096,0.10201694
0,0.698806,0.6825115
0,0.033,0.06233341
0,1.288711,1.2732807
0,0.868533,0.90971607
0,0.002,0.047607876
0,0.586267,0.5603857
0,0.517317,0.4503602
0,1.828222,1.7905892
0,0.393183,0.42020202
0,0.962074,0.9415943
0,0.729159,0.74291456
0,0.712068,0.6348156
0,0.9141,0.82393473
0,1.065758,1.0316998
0,0.966978,0.9478132
0,0.809922,0.7783687
0,0.894085,0.90787715
0,0.256,0.189616
0,1.11151,1.0865984
0,0.266889,0.24827528
0,0.263544,0.2903904
0,0.216793,0.117623806
0,0.950033,0.96473455
0,0.371748,0.37936887
0,0.78575,0.7988421
0,1.451756,1.4613436
0,0.820867,0.83108664
0,0.380515,0.3517161
0,0.0566,0.069934666
0,0.830467,0.7732385
0,0.092756,0.036260508
0,1.322605,1.2998625
0,0.158,0.13008098
0,0.162644,0.09626931
0,0.51582,0.470075
0,0.618,0.57830703
0,1.166783,1.1144425
0,1.552549,1.6020415
0,2.62276,2.646625
0,0.12285,0.047109313
0,0.283311,0.27481186
0,0.896367,0.79726726
0,0.60565,0.6078275
0,0.087,0.07416433
0,0.075583,0.043360233
0,1.021572,0.9504568
0,0.418567,0.40961537
0,0.000133,-0.019857906
0,2.211707,2.2144349
0,0.002133,-0.0033724606
0,1.234533,1.2108494
0,0.737078,0.7342478
0,0.234222,0.26465723
0,0.723333,0.6940503
0,0.1878,0.2081612
0,0.899244,0.85146457
0,0.528772,0.5769937
0,0.255589,0.23577252
0,0.101522,0.06762742
0,1.170861,1.166314
0,0.930306,0.91531605
0,0.56195,0.53646594
0,0.0074,0.002088666
0,0.782732,0.81385404
0,0.923242,0.9013573
0,0.743851,0.7103206
0,1.913748,1.7620273
0,0.740767,0.73132265
0,0.923822,0.93109715
0,1.441348,1.4049209
0,0.196437,0.16504686
0,0.919222,0.8035345
0,0.288056,0.29859856
0,0.182256,0.14389676
0,0.560167,0.56900936
0,0.004,0.03296911
0,0.037,0.00850362
0,0.09565,0.13428459
0,0.712068,0.72068304
0,1.700211,1.3759826
0,0.094,0.11572563
0,0.703358,0.740877
0,0.920021,0.9565324
0,1.075615,1.0989234
0,0.0932,0.01764061
0,0.131211,0.14183904
0,0.150678,0.17556712
0,0.715067,0.6744338
0,0.64835,0.6488413
0,1.501111,1.5060316
0,1.000419,0.95083743
0,0.563606,0.52964073
0,0.693479,0.7606017
0,0.259811,0.21268374
0,0.130811,0.21356615
0,1.6132,1.4823442
0,0.3709,0.3166357
0,0.908239,0.839362
0,0.856024,0.85391647
0,0.784894,0.7880925
0,1.382006,1.2971021
0,0.262217,0.21973872
0,0.404308,0.43821934
0,0.242034,0.22957996
0,1.021728,0.97585845
0,1.050176,1.0088701
0,0.253322,0.23210952
0,0.094,0.07592174
0,1.4822,1.4823925
0,1.299667,1.2319331
0,0.685144,0.71361214
0,0.045456,0.05542025
0,0.515467,0.5289915
0,0.175558,0.21254238
0,0.5607,0.5562212
0,0.566644,0.5593046
0,0.612811,0.61680204
0,1.267045,1.2642586
0,1.038568,0.9649765
0,1.086767,1.0354863
0,1.353289,1.3747509
0,1.265294,1.2089454
0,0.957483,0.9685446
0,0.179172,0.1462401
0,0.819285,0.79962945
0,0.507839,0.4593915
0,0.172733,0.16709673
0,2.233244,2.2029462
0,0.699089,0.6643459
0,0.471021,0.4087523
0,0.234633,0.16386475
0,0.572839,0.5502091
0,0.622092,0.54885626
0,0.724633,0.6995918
0,0.21,0.16679573
0,0.129,0.10906053
0,1.973903,2.018782
0,0.5874,0.59268534
0,0.880667,0.87587035
0,0.734543,0.7271799
0,0.855865,0.8756062
0,1.163641,1.1586436
0,1.838909,1.8250577
0,0.109211,0.109320685
0,1.019295,1.0848879
0,0.728993,0.6993808
0,0.032256,0.045444988
0,0.370083,0.31737527
0,0.725318,0.7665711
0,1.783783,1.7486686
0,0.563461,0.54654723
0,1.201864,1.1701931
0,0.334189,0.28519553
0,1.362504,1.3665376
0,1.420308,1.4112258
0,0.48525,0.466345
0,0.504989,0.46985576
0,0.159611,0.15928474
0,0.092,0.043994337
0,0.165756,0.13409841
0,0.786956,0.74157995
0,0.675667,0.6139279
0,0.916706,0.87377083
0,0.007,0.048771903
0,0.328048,0.26326376
0,0.394767,0.3797176
0,1.409467,1.3762872
0,0.731711,0.68632746
0,1.454659,1.4741812
0,0.059,0.03754948
0,0.971926,0.93031704
0,0.036322,0.045022205
0,0.126056,0.118518725
0,1.17265,1.1489314
0,0.658917,0.64379686
0,1.126333,1.1007859
0,0.244444,0.17153862
0,0.608089,0.58424014
0,0.247511,0.21966115
0,0.608111,0.5729629
0,0.997061,0.9664179
0,0.720748,0.7280521
0,1.439475,1.3999135
0,2.299011,2.2822647
0,0.590917,0.5727627
0,0.211056,0.21420532
0,0.041432,-0.0040462613
0,1.759822,1.6979374
0,0.037112,0.03081565
0,0.164089,0.13086721
0,0.976917,0.95723623
0,0.5,0.45598608
0,0.798556,0.7905605
0,0.018,0.03351956
0,1.286683,1.1650889
0,0.421989,0.38434416
0,0.88035,0.8560785
0,0.333644,0.30609405
0,0.002,0.02032597
0,1.746575,1.697786
0,0.304111,0.29784244
0,0.431644,0.4064063
0,0.63058,0.5715365
0,0.364589,0.38310412
0,0.953061,0.88562006
0,0.641879,0.5728466
0,1.679426,1.6643306
0,0.713633,0.6749357
0,0.142,0.10430637
0,0.670959,0.7310878
0,1.2444,1.2184298
0,1.169172,1.1084399
0,1.482805,1.4581645
0,1.3542,1.3588941
0,0.285417,0.25146607
0,0.668225,0.6349828
0,0.120922,0.06849086
0,0.575917,0.60825694
0,0.721482,0.65258795
0,0.924783,0.83476514
0,0.094189,0.09890721
0,0.304844,0.29884258
0,0.570533,0.58428895
0,0.421133,0.37986454
0,0.474788,0.5356178
0,0.360485,0.35272062
0,0.294593,0.24207711
0,0.923693,0.834804
0,0.141778,0.15536243
0,0.891383,0.87812364
0,0.270375,0.26287323
0,1.299659,1.2319211
0,0.368111,0.3497415
0,0.620758,0.6127835
0,0.413181,0.4016378
0,0.048,-0.006564051
0,0.340867,0.34361172
0,0.960191,0.7725526
0,0.272933,0.32876706
0,2.415383,2.4713557
0,0.502921,0.43181875
0,0.689806,0.68942535
0,1.101583,1.0723445
0,1.163641,1.037227
0,1.44869,1.3541803
0,0.038722,0.03072334
0,1.853483,1.7509271
0,0.842206,0.8014265
0,0.399195,0.37032866
0,0.573067,0.5447701
0,1.190398,1.1573327
0,0.616696,0.59748673
0,0.272372,0.27085885
0,0.643904,0.6324461
0,0.617467,0.5417026
0,2.12881,2.0844114
0,2.48065,2.402149
0,0.237078,0.21903068
0,0.0044,0.06663427
0,0.581559,0.5710079
0,0.307224,0.2463358
0,0.028,-0.0003259182
0,0.147856,0.16200827
0,1.004933,1.0349553
0,0.039867,0.03165787
0,0.009,-0.0019494817
0,0.867956,0.8544732
0,0.293922,0.22638157
0,2.169533,2.1349285
0,0.745674,0.6862705
0,1.359994,1.3268046
0,1.458111,1.4105357
0,1.161822,1.1762904
0,0.582111,0.53566074
0,1.074455,1.0387034
0,0.76613,0.74666196
0,1.468117,1.4777124
0,0.210178,0.21246374
0,0.556217,0.52347535
0,0.813467,0.7728901
0,0.011922,-0.032404512
0,0.755006,0.76616687
0,0.103,0.015898947
0,0.550756,0.6374607
0,0.167322,0.15025938
0,0.914189,0.84155375
0,0.632533,0.6635897
0,0.336533,0.25321946
0,1.505446,1.4527396
0,0.283925,0.27573812
0,0.408078,0.43911693
0,0.568044,0.5408375
0,1.324971,1.1862116
0,0.845494,0.797446
0,0.775951,0.7696505
0,0.1659,0.17607582
0,1.616299,1.5963608
0,0.072278,0.022485815
0,1.075511,1.0186063
0,0.732689,0.7052231
0,0.888503,1.0173458
0,0.873689,0.86515546
0,0.463772,0.36300167
0,0.361512,0.34403688
0,0.042,0.09572422
0,0.278,0.27090418
0,0.812283,0.7885038
0,1.451741,1.3901689
0,1.029072,1.1782441
0,0.1048,0.04480368
0,0.224972,0.2704449
0,0.907889,0.97250456
0,0.02,-0.026043206
0,0.763578,0.7177841
0,0.222056,0.19426847
0,1.143033,1.1113753
0,0.035533,-0.0009411797
0,0.403218,0.35470158
0,0.394933,0.3740698
0,0.304008,0.2893785
0,1.899767,1.9347736
0,0.109678,0.11235258
0,1.857096,1.7878639
0,0.041183,0.025520585
0,1.315067,1.2574358
0,0.073578,0.021501273
0,0.136922,0.14428008
0,0.094,0.07286931
0,0.208,0.15037104
0,0.512467,0.5054954
0,0.792111,0.6990164
0,0.573133,0.5704085
0,0.221011,0.3221823
0,0.442278,0.44721177
0,0.203716,0.16742516
0,1.121744,1.1533741
0,1.524415,1.4980314
0,0.813467,0.82011724
0,0.566252,0.5944645
0,1.911135,1.8981167
0,2.127017,2.1357806
0,0.94017,0.8586221
0,0.558844,0.53583854
0,0.556339,0.4198632
0,0.280317,0.3449984
0,0.05,0.07526839
0,1.492336,1.4245627
0,1.351217,1.3617134
0,0.519917,0.44790098
0,0.159611,0.14634469
0,0.968667,0.9475079
0,0.353451,0.3162773
0,0.096,0.063253954
0,0.094267,0.040840745
0,0.6024,0.61787957
0,0.718928,0.7355763
0,0.068267,0.043014403
0,0.432406,0.4393828
0,2.223575,2.101907
0,0.28,0.27566937
0,0.82045,0.6993356
0,0.045733,0.031605083
0,1.190367,1.1593685
0,0.846967,0.8858392
0,0.105,0.03659193
0,1.148406,1.0455296
0,0.11727,0.10712035
0,0.603767,0.64527327
0,0.031,0.008514404
0,0.008078,-0.0060945675
0,0.545917,0.5768012
0,0.185967,0.18613479
0,0.5955,0.55718225
0,0.463108,0.41843835
0,0.113911,0.11356521
0,0.881533,0.85952944
0,0.641083,0.57035935
0,0.972847,0.8747781
0,0.407911,0.3015728
0,1.241867,1.3149318
0,0.485683,0.51620376
0,1.0646,1.0624065
0,0.037533,0.008145589
0,1.162511,1.1510097
0,0.061656,0.06306665
0,0.383661,0.4223588
0,0.284628,0.26762205
0,0.591628,0.57652533
0,0.174189,0.13976371
0,0.240667,0.2246834
0,0.783311,0.7665869
0,2.064944,2.119341
0,1.042289,1.0398308
0,0.045733,0.050436508
0,0.0178,0.060110353
0,2.816245,2.782045
0,0.212,0.2075868
0,0.195,0.20868659
0,0.5833,0.5948433
0,0.7098,0.69950545
0,1.360689,1.4122784
0,0.374399,0.38009465
0,0.970244,0.90701693
0,0.7354,0.81050426
0,1.570812,1.5898348
0,1.711912,1.7478133
0,0.754889,0.74083453
0,0.898189,0.8210635
0,1.34465,1.2092205
0,1.536401,1.5345474
0,0.760983,0.68827105
0,0.312667,0.26132163
0,1.040454,1.037094
0,0.852279,0.7968791
0,0.352789,0.28545937
0,0.312456,0.31205082
0,1.830023,1.8346443
0,0.230378,0.20420498
0,0.048,0.050650515
0,1.246467,1.1428416
0,0.872533,0.86142385
0,1.431754,1.396622
0,1.149982,1.0329634
0,0.092,0.025872886
0,0.501074,0.47824323
0,0.576117,0.61512953
0,0.685919,0.61664206
0,0.386033,0.37292475
0,0.371732,0.3419685
0,0.209067,0.19247068
0,0.037267,0.059563898
0,0.500861,0.4967751
0,0.626892,0.6131102
0,0.09,0.090297095
0,0.6238,0.65211093
0,1.344839,1.3230726
0,0.0156,0.036076564
0,1.526761,1.5108494
0,1.754833,1.7651696
0,2.198494,2.1138775
0,1.100083,1.0411488
0,0.074,0.040921986
0,0.25785,0.26482657
0,0.8739,0.90115184
0,0.039,0.05945631
0,1.094967,1.0893148
0,0.233856,0.20748985
0,0.591071,0.5457913
0,0.072,0.026138846
0,0.178556,0.17472194
0,1.216333,1.1946255
0,0.592711,0.6082962
0,0.71435,0.71497947
0,0.364115,0.34537923
0,1.602229,1.5703087
0,0.026789,0.03949466
0,0.147,0.10639691
0,0.273656,0.24114937
0,0.705317,0.76815903
0,0.747674,0.69051385
0,0.288311,0.2526302
0,0.646222,0.6057058
0,0.755318,0.6780746
0,0.563606,0.52964073
0,2.115308,2.1453443
0,0.441168,0.44002134
0,1.34625,1.2969431
0,0.237772,0.23954657
0,0.855281,0.7767159
0,0.297361,0.33239332
0,0.071722,0.06846786
0,0.188711,0.18912295
0,1.336222,1.3287252
0,0.273,0.20664787
0,0.004,0.06851075
0,1.154284,1.0553657
0,0.024277,0.03786634
0,0.841683,0.81396824
0,0.414417,0.42580247
0,0.963839,0.96215194
0,0.25359,0.2237092
0,0.399839,0.34413528
0,2.129306,2.0871804
0,1.4938,1.4364097
0,1.425783,1.365961
0,0.90765,0.7484635
0,1.124694,1.1404822
0,1.191619,1.2570797
0,1.245375,1.1989881
0,0.958679,0.89482254
0,0.817225,0.8141569
0,0.1468,0.12699668
0,0.999106,0.9572816
0,0.757444,0.74505705
0,0.631392,0.5797709
0,0.085933,0.10898967
0,1.543476,1.4670157
0,0.791189,0.796816
0,1.061475,1.1284362
0,0.156151,0.11133229
0,0.734367,0.7658947
0,0.204367,0.1317133
0,0.0328,0.032960415
0,1.257711,1.2284397
0,1.449607,1.4563203
0,1.268919,1.2410878
0,0.77288,0.74727833
0,0.883554,0.8562673
0,0.294189,0.2666102
0,0.964594,0.9472033
0,0.157828,0.12509248
0,0.175044,0.22973138
0,0.263733,0.2084806
0,1.133889,1.1172045
0,0.075483,-0.02830711
0,1.349224,1.3353387
0,0.133,0.12763467
0,0.039,0.014295764
0,1.124042,1.0966349
0,0.974656,0.86043024
0,0.254,0.23245993
0,0.476333,0.38417414
0,0.159454,0.166249
0,0.315111,0.32268608
0,0.101,0.10242452
0,0.713737,0.6350777
0,1.729331,1.5806037
0,0.019088,-0.0005929321
0,1.029072,1.0273567
0,0.492267,0.46397585
